mnemonic_id,raw_path,raw_sha256
amber_bear_quartz,raw/cross-validation/negative/amber_bear_quartz.nii.gz,a184fdad58293305357a07161e4dbbedc115f85a1de6cde5da81eba1b8b71060
amber_raven_candle,raw/cross-validation/negative/amber_raven_candle.nii.gz,4fa33cc954583e744dc5042c43936c5f3e2e5a33ec5aa3cb9112618957ce49ef
arctic_ferret_grove,raw/holdout/negative/arctic_ferret_grove.nii.gz,6d5f284528609f03d87263a1c7b3f79b85ef8fd4310f40154e552252efc935d6
arctic_gull_butte,raw/cross-validation/negative/arctic_gull_butte.nii.gz,37deefb3b77006bc9e3adc5e1dec05cf252663bc862c207cc0000077439b06ad
arctic_hound_spur,raw/holdout/negative/arctic_hound_spur.nii.gz,b266dab98c03cafd128beafdf7bcd74980466417b22810b57d6d8705c95b3320
arctic_puma_ridge,raw/cross-validation/negative/arctic_puma_ridge.nii.gz,96c42ab882af62cdb2d600171a33926a7924671051795d919ddf6328636429d9
arctic_rabbit_knoll,raw/cross-validation/negative/arctic_rabbit_knoll.nii.gz,acf4c48386d037d20d064cdffa68ac9bb83bf1d655950868739122baa51eb3b2
ashen_cat_glade,raw/cross-validation/negative/ashen_cat_glade.nii.gz,2fabc59db0846b6c948bfbfcecf06d40a3f055c3276ab6db463be8fa6cac8f79
ashen_hawk_post,raw/cross-validation/negative/ashen_hawk_post.nii.gz,b76639084f62b01ef6fc80a631c82652b1e23df4b3a7b525f6ed29459f0b733b
ashen_lizard_falls,raw/cross-validation/negative/ashen_lizard_falls.nii.gz,732ff23c244a6709dcb55e388b0d41054856f49421b383eba068d6577d45b782
ashen_osprey_heath,raw/cross-validation/negative/ashen_osprey_heath.nii.gz,13628942589e46cf2c408d63571df8fda2a4327249d45277aeab49f6899e0806
azure_chipmunk_glen,raw/cross-validation/negative/azure_chipmunk_glen.nii.gz,2c42b1fea1756bebdb034616f940ec0e63a7f0f0ff9ccf2c03c43c5724ae3e21
azure_elk_ravine,raw/cross-validation/negative/azure_elk_ravine.nii.gz,4e5b942e7d209d78ff7020735230dbc4dce3c0e87a95317b6cca07197708750c
azure_salmon_coast,raw/cross-validation/negative/azure_salmon_coast.nii.gz,b4b3516a2d31090db623511817cdb36c07ef3e7a1c721677f98408c4dc34e6ad
azure_seal_rain,raw/holdout/negative/azure_seal_rain.nii.gz,0cda280713c1fdd053a0f72d3fe3fd517a68b9743f536af3b119f171a52e3398
azure_seal_wharf,raw/holdout/negative/azure_seal_wharf.nii.gz,ce1e076a98bf75ade44d2f64f72b8c6f70a2c8fb4b90e3df1d95d564c1bd0149
azure_wasp_chasm,raw/cross-validation/negative/azure_wasp_chasm.nii.gz,0d5531612fb820cec08f06d52411ec3f5c0675e90bd1d7cffbced353b054e78f
blush_hawk_bridge,raw/cross-validation/negative/blush_hawk_bridge.nii.gz,3b46dcbef3ddcc8eecf3adab9ef1d1e292430f3ca005e42ebc41ecd75d49f88f
blush_hawk_spark,raw/cross-validation/negative/blush_hawk_spark.nii.gz,f81b1ee51050de9fc16d26049daa9040fc809f1726529f1995bb7fdf17d08879
blush_impala_glen,raw/cross-validation/negative/blush_impala_glen.nii.gz,7303ec1b7f0e8c94dc5709d1a72eaf03edbf5ac5a589a964e935397950329f60
blush_lizard_ruins,raw/holdout/negative/blush_lizard_ruins.nii.gz,f98dd809d089cf4d1b83f774a0d694a48bba4977ede24b05ff6fc1ca92c12d76
blush_moth_mill,raw/cross-validation/negative/blush_moth_mill.nii.gz,c7405c6dc141465cbb6ca68630122e07384254229436defac95df8c22e400b6d
bold_bobcat_ranch,raw/holdout/negative/bold_bobcat_ranch.nii.gz,61e74dce2cd6898e40235e6b95a693c9c1a2808930f091aeefc09a3ac0007583
bold_cheetah_hedge,raw/cross-validation/negative/bold_cheetah_hedge.nii.gz,db0ac903ea256e5d94c15db6861759bf4907c07d32ca6b6177a758d862602386
bold_kestrel_gulch,raw/cross-validation/negative/bold_kestrel_gulch.nii.gz,ed57d3314bfab058ad3f20334b0c980c5f37f8e2138a1f79049219aef8f5913f
bold_koala_pass,raw/cross-validation/negative/bold_koala_pass.nii.gz,96ded036eaf33d35f5cd57fbe1dcb35bc9a6e1579e1d8d1ad078b379d1b42ef2
bright_bobcat_crown,raw/cross-validation/negative/bright_bobcat_crown.nii.gz,394c2fe53981b2261399e046a5fbbfefdf84f01038a72e89bab5106378c57fe7
bright_hedgehog_hill,raw/cross-validation/negative/bright_hedgehog_hill.nii.gz,dd776d5cd16dd76187ab2aebbdba16b90b013e750887d597f8601103b93282d0
bright_lobster_notch,raw/cross-validation/negative/bright_lobster_notch.nii.gz,4a2abf57288c3129d86114c9695952443cff78faa02131a101ad68cc708f89a0
bright_parrot_ledge,raw/cross-validation/negative/bright_parrot_ledge.nii.gz,5fd031b22f387aee91d594b74fb6223a7359c412628a97bbd759d44541a1bb4d
bright_tern_ledge,raw/holdout/negative/bright_tern_ledge.nii.gz,65d202b1fea5122811cd7921f6a893bb4ac044b13831652041abf37b08fb04cd
brisk_eel_delta,raw/cross-validation/negative/brisk_eel_delta.nii.gz,0fccbd9ca30afa1bec5f3b12df55e2cfaa025f57f303bb9c9e64028da22d9200
brisk_moose_sands,raw/cross-validation/negative/brisk_moose_sands.nii.gz,2809e16d7046a987cdd168244c37f19c2b622d232387b428fc7802e0846bf260
bronze_frog_mill,raw/cross-validation/negative/bronze_frog_mill.nii.gz,5e13340cd2409e2be517c8a293e71b5e6fec3a2d8afd408e31b33c868576c3ad
bronze_owl_hedge,raw/cross-validation/negative/bronze_owl_hedge.nii.gz,85f2a38de23366a8fc45cc5e04729f4a3b0c3d6088af9335f93af5d10a8ffbbc
bronze_robin_marsh,raw/cross-validation/negative/bronze_robin_marsh.nii.gz,7fffe01474921e914501790fa5535ba23b1bea69996e8a50df89a28fcad2394a
bronze_seal_cask,raw/cross-validation/negative/bronze_seal_cask.nii.gz,9adc8262721904f36662585d6fe7809686314b06882e2fb285418eba25caebea
bronze_viper_hollow,raw/cross-validation/negative/bronze_viper_hollow.nii.gz,6072671dccd8ea21e5acb64c925d55a126be13dff29afabfe1774ade05e4d325
calm_lemur_vale,raw/cross-validation/negative/calm_lemur_vale.nii.gz,ae45379e4552312c588f74623ee1d8f46c6bba8d475433bce27e856bdbe7d09d
calm_moose_dune,raw/cross-validation/negative/calm_moose_dune.nii.gz,415fa32e20548f2b4b39f08b299318f26644ea57e5f19106d79b63b59a765c1e
calm_quail_ranch,raw/cross-validation/negative/calm_quail_ranch.nii.gz,c7e39998be6db229f92a2a5e7ded0e812f4f3608767f857b9c945ff4d1b179ea
calm_shark_mesa,raw/cross-validation/negative/calm_shark_mesa.nii.gz,d0e28a26ced8945aef28e7e041220268fd7ab6a5cc3e15f8c94ac27cbcdbc174
calm_snail_hinge,raw/cross-validation/negative/calm_snail_hinge.nii.gz,22b26f5b43c1e78b540c938c1f57a4733cc459067864ef7ab80eea76264ad533
calm_wasp_chasm,raw/cross-validation/negative/calm_wasp_chasm.nii.gz,97d28bed5d7df39b3a85daa1f98f6cd38c61256feb9f27714d82f02ec570e5d3
cedar_horse_glade,raw/cross-validation/negative/cedar_horse_glade.nii.gz,5241dc2907fa6c0dce311a13a6505477fe50a000b218548d65f19311dc7da5aa
cedar_hound_bolt,raw/cross-validation/negative/cedar_hound_bolt.nii.gz,120a7b3879e99bf7998221d7c9b4edc23cbbe17bbcf02e12f2df54d4005d6bd7
cedar_koala_glen,raw/cross-validation/negative/cedar_koala_glen.nii.gz,07afe13f32a59ec5127551f9fe95a6eceb9e68e756384087db2cb1af2269da3a
cedar_moose_spring,raw/cross-validation/negative/cedar_moose_spring.nii.gz,97796e0bc9b9bf895ec1c61b7b0c1ae3a75388a488ccc8793f4f1a5d6581f6ce
cedar_penguin_shoal,raw/cross-validation/negative/cedar_penguin_shoal.nii.gz,8376eeb45d93ff54a9d05a4da2856371bc160ba13bcc246acdc21075ed02fc61
cedar_toad_falls,raw/cross-validation/negative/cedar_toad_falls.nii.gz,f7c6de0bdee6f6526ad1662fb7a2bf420457936a1df756d0213da4d51724aa13
chalk_dragon_vale,raw/cross-validation/negative/chalk_dragon_vale.nii.gz,6e1c6f8788633dddebbdcae8d0ea71b81ed6376e65dc4d2dd41ac54feb7d340f
chalk_rabbit_ravine,raw/holdout/negative/chalk_rabbit_ravine.nii.gz,fd99768fba0e4c0d0774f7a580b2f5c9901f4550243d91576e1e5c3a65023a87
chrome_cobra_woods,raw/holdout/negative/chrome_cobra_woods.nii.gz,cba0fa8e5b9ea3c7ecac54798265be2e5cb9f0716c693f12909524e5269ea108
chrome_moth_haven,raw/cross-validation/negative/chrome_moth_haven.nii.gz,ca1a78861415fd427f8eb53442bfb64428ef5b3048abd7507eb6bcafe8070a14
chrome_quail_rapid,raw/cross-validation/negative/chrome_quail_rapid.nii.gz,35c6e3503e2c7e8d61df75656ae113aec5a3fb5ebc5746229f778d72e2615c11
chrome_raccoon_mound,raw/cross-validation/negative/chrome_raccoon_mound.nii.gz,b56b9322dc23c61aa864f9d032f7ce723970ceb9d005eca002844d0c5ad89aff
chrome_sparrow_haven,raw/cross-validation/negative/chrome_sparrow_haven.nii.gz,afd1b15e61d78cdb67939b5728e8e17f4a46f3099055ae63f18354d1f28abcab
citrus_lark_hedge,raw/cross-validation/negative/citrus_lark_hedge.nii.gz,0df02c209047e45ef646fc5dd6d2de44aa5de5c2d52abf7b5330d64733f80ba2
citrus_moth_bower,raw/cross-validation/negative/citrus_moth_bower.nii.gz,a536587d9eb2f72406580e301d7e0effc960818d09f50af0dafd52dce0c09241
citrus_ram_glade,raw/cross-validation/negative/citrus_ram_glade.nii.gz,18176c72fd7897a688976e71eee8655b039165d441ae51a4c94dd4568b4d447c
clay_clam_rapid,raw/cross-validation/negative/clay_clam_rapid.nii.gz,ee9c77e1da5e7d1c69996b51dda00d4b72ed0b63e418a44c12c6128fcdbd03e7
clay_condor_gorge,raw/holdout/negative/clay_condor_gorge.nii.gz,bb54b8c922d0bab4580432840c3da30744759153bab8f7f6f5eb88209288a94a
clay_dove_verge,raw/holdout/negative/clay_dove_verge.nii.gz,a370c338521d1a62bbdaef01f79df8d02b0e5e77172f94b83117614717875ee3
clear_fox_vale,raw/cross-validation/negative/clear_fox_vale.nii.gz,63ba637a6a51d3efe61624b30e38f8d3ee9fc7890a409a14dd17497a4ef70b96
clear_robin_mesa,raw/cross-validation/negative/clear_robin_mesa.nii.gz,0aa0ed217c8edabbbcd449f7a80a2c4cd7187a29fceb14795bca1849401ad8f2
cobalt_cougar_grove,raw/cross-validation/negative/cobalt_cougar_grove.nii.gz,f71653010148197e3ff292863a821db2f17d88d453c4daef6ab2b492268c8a9a
cobalt_dingo_plaza,raw/cross-validation/negative/cobalt_dingo_plaza.nii.gz,eed866d8c99793cb8088b1abd982633f3cff53bd5445105eab5268a1069e225d
cobalt_impala_glade,raw/cross-validation/negative/cobalt_impala_glade.nii.gz,ab3445fc58db4df30f0d2ad367281aa4a1ffb70d46a5b1c248b04443cbe4526d
cobalt_impala_hedge,raw/holdout/negative/cobalt_impala_hedge.nii.gz,8427fa4224b1789fd8cf1260da55de2db4cecdb34c88b1949f3f18dbc7f53a65
copper_deer_oasis,raw/cross-validation/negative/copper_deer_oasis.nii.gz,56381ae1ca5e6d64bb9a7c88e492e07c3c637bba54dc3f0de8754f79b06c2012
coral_cat_hedge,raw/holdout/negative/coral_cat_hedge.nii.gz,6ea9e1567623fc6d4e905c9430efd0618246611722bff9cdc97ba80c5e658d20
coral_kestrel_gleam,raw/cross-validation/negative/coral_kestrel_gleam.nii.gz,4ea458e9db1ade76823d753da1883cce8423beadb2e25021b6405b36ab1826dd
coral_mink_strait,raw/cross-validation/negative/coral_mink_strait.nii.gz,2a5b679da7a86b473658f2ea68b0b2d1e54e3c4cfd1460a0da48b424512661f4
crisp_duck_flare,raw/holdout/negative/crisp_duck_flare.nii.gz,8d283237af564dff353617a9a87d696e006add0017a2b57ddee62b39df4217f9
crisp_eel_wharf,raw/cross-validation/negative/crisp_eel_wharf.nii.gz,c5839725c16fce85ca0a37541cbb49f26c6cae0d867a5da4ef3a2e7919607634
crisp_gull_bluff,raw/cross-validation/negative/crisp_gull_bluff.nii.gz,b179a8e51c84231778e249b2f6c31ddf4ed546ae4e913d24681c7d77ca84fa37
crisp_jaguar_cask,raw/cross-validation/negative/crisp_jaguar_cask.nii.gz,bbfe6c0330b51a06bac1418391db96988d1dc21ec04b1c40021a3628972f67c6
crisp_moth_hinge,raw/holdout/negative/crisp_moth_hinge.nii.gz,260a0d44368a8966237033fd0538b32861fd037545d3d07e592db5c635d92e47
crisp_vulture_terrace,raw/cross-validation/negative/crisp_vulture_terrace.nii.gz,8d2fbc6d9915a4f88a7d566ac57b8e4e6d31be2a01c84bafa400743da2f31169
dapple_hare_marsh,raw/cross-validation/negative/dapple_hare_marsh.nii.gz,9f0c3cc2bb078bd77fefb89fad06c1f9336274a2fcd6abebbf06cfdc5255611c
drift_deer_glade,raw/cross-validation/negative/drift_deer_glade.nii.gz,c9d73efff94d791eccc2450d00a8d3098b789857531acdf21a27aa9e69bd5658
dusk_bear_cave,raw/holdout/negative/dusk_bear_cave.nii.gz,073cffc96a3019bc2a1121108463c7ff8345eb3e912314b6551397eec09e83de
dusk_chipmunk_cape,raw/cross-validation/negative/dusk_chipmunk_cape.nii.gz,d61287e99df6420454637135522dbdb7db2bcc951c4a6c27e577808cdcd2552e
dusk_deer_glade,raw/cross-validation/negative/dusk_deer_glade.nii.gz,bc09e5b71a863a22d427d10b55daab33f32aeb4a47bccb9f6dcddc77a8a8ab1a
dusk_pigeon_stone,raw/holdout/negative/dusk_pigeon_stone.nii.gz,105e2441213f3f5ba362a6966572dcf979aaf52f8301fb0219cb2783bc042b73
dusk_tern_glen,raw/holdout/negative/dusk_tern_glen.nii.gz,04f6854388b6e1bdf9b3a1e1d7e034e8a883bbb60e4c7835aa5891d24641c5e2
dusk_wombat_pass,raw/cross-validation/negative/dusk_wombat_pass.nii.gz,30ef9cf37c89deae1c9040af5d273782983598ffed53a6b182b35c6a6cec3958
dusky_bunny_lake,raw/cross-validation/negative/dusky_bunny_lake.nii.gz,fe83e105c9cd27af10b55cbd250647223a6239373083e768c7dac30acb3c4b1d
dusky_dragon_mist,raw/cross-validation/negative/dusky_dragon_mist.nii.gz,9d34c778174ce349beffde9ea1b7878ab5ecce49471d44f166359b949bec6c3d
dusky_eel_tide,raw/cross-validation/negative/dusky_eel_tide.nii.gz,abcb0b3309aa8201381cf796b790dff23618addf9b97e295a56af066f0bf8942
dusky_snail_rapid,raw/holdout/negative/dusky_snail_rapid.nii.gz,c214f02959da87d0cf23e0116c0f67b2a9de828c321c8048413aaad00560412f
dusty_hare_pass,raw/cross-validation/negative/dusty_hare_pass.nii.gz,7eab9c2299e8b679975f9b1f6b84f85d4b0024d7edab6fca3ffad0b0b37dee19
dusty_moose_hinge,raw/cross-validation/negative/dusty_moose_hinge.nii.gz,f979b44e3752546b02137c3893bd0ae20a884822d5125d2d1b2b4b3ec357a7f6
dusty_narwhal_terrace,raw/cross-validation/negative/dusty_narwhal_terrace.nii.gz,90f602110315c08ed87f0c2fee12f27b3e46dbb748df7821f2c8e0124e6eab5a
dusty_rabbit_meadow,raw/cross-validation/negative/dusty_rabbit_meadow.nii.gz,86d407038cbe737035f43db5b124b17f71755f95e406d2bdc6ef0fa2ce1b5f2a
dusty_raccoon_basin,raw/cross-validation/negative/dusty_raccoon_basin.nii.gz,80f9f5fabb632b2479fb3711cd8ce83f7caeb035445eab674b02f042eca0aa85
eager_gecko_flare,raw/cross-validation/negative/eager_gecko_flare.nii.gz,94ad2ee053a8ed0ef566bc3cf24703ed3ae883fe6e68462e329bd412a46d13d5
earthy_cat_vista,raw/cross-validation/negative/earthy_cat_vista.nii.gz,ad095f255b81757049aae2c4a80ec6d5186070d09ba6dba166be120877757343
earthy_magpie_coast,raw/cross-validation/negative/earthy_magpie_coast.nii.gz,1c5a0bc1cc2faa6ddd175a629991fd74c5f18aa853ac1fc57f15cf6fe5b583c7
earthy_newt_river,raw/cross-validation/negative/earthy_newt_river.nii.gz,f70565f0d46690145b51c49772dd483ecd2d28e848e0254c1e2f56098ede6103
ember_bear_post,raw/cross-validation/negative/ember_bear_post.nii.gz,e9b4645ca7d1a0b68dba7de049727ff468fa38b5018f4d5dfff32b77625dbce4
ember_mule_mesa,raw/holdout/negative/ember_mule_mesa.nii.gz,7aca78141ce150712038238a8858b89e6084176f621dc4ea8929e8b38cbe6263
ember_sparrow_verge,raw/cross-validation/negative/ember_sparrow_verge.nii.gz,11795120ff9713f6e143709c82793f5f7f658143d2283565a21fa0432abf3ba1
faded_duck_mound,raw/cross-validation/negative/faded_duck_mound.nii.gz,94fd34636943f581a70ce83b1e12265217dafe0646d9d867177a446205f6832b
faded_flamingo_trail,raw/cross-validation/negative/faded_flamingo_trail.nii.gz,6e127e2e0e9a2f8a8e3d1238cb01c6d19cfea0cab1dbd79cd7b69a4a38c275c6
faded_gazelle_valley,raw/cross-validation/negative/faded_gazelle_valley.nii.gz,db917052119b40a438ed43e2d09b05c568475cbba409f8c14f85462a66d570a0
faded_moose_pass,raw/cross-validation/negative/faded_moose_pass.nii.gz,2cd0eb82c95c9edbe6852edfd8b796c9dbc5933702db71f65f791131e79cb519
faded_ox_gulch,raw/cross-validation/negative/faded_ox_gulch.nii.gz,903eff05c06dcfd20f016e0f7f348fc1115bbe44d72ec9fd6e71af6242a094ab
fern_clam_sands,raw/cross-validation/negative/fern_clam_sands.nii.gz,0f1f48d69dd71be1fe20a23a2c4baa7db9df3a97ce902fa1f552517d1504db2a
fern_fox_crest,raw/cross-validation/negative/fern_fox_crest.nii.gz,71d15e0776f45e7d9127545761845ebf716eef5836973bb588785098dbb09cb7
fern_hare_braid,raw/cross-validation/negative/fern_hare_braid.nii.gz,70091bf112f77ba688a090a4d87e2d8884548cd74eef98d1848c824cb274091d
fern_kite_canyon,raw/cross-validation/negative/fern_kite_canyon.nii.gz,e7fa6209fdd301b16a759847cfcdf8bdde457d927acdb20d01a914fe6071c490
fern_lynx_forge,raw/cross-validation/negative/fern_lynx_forge.nii.gz,d35730968a3d197e94143618ba6b67686d02ff1f5ec86c626833d7211f094c9a
fern_stork_stream,raw/cross-validation/negative/fern_stork_stream.nii.gz,130011696cd820fabbeb8deb9913497066cf904a5cd2478f198ad10f3de3c3fc
flint_hedgehog_haven,raw/cross-validation/negative/flint_hedgehog_haven.nii.gz,0a3122a8309e37067371e7137468eb657684e240502e424c75e4d06e2e37c6c4
flint_shark_briar,raw/cross-validation/negative/flint_shark_briar.nii.gz,f0f16adcf031ffc3bca5b36a70c1321fbd1729fe0a15bc1e939a77bc71dea567
foggy_egret_vale,raw/cross-validation/negative/foggy_egret_vale.nii.gz,b1502ae7af790b93260c322562a180af99474de822dfe565a4436180c0e737ab
foggy_lizard_sands,raw/cross-validation/negative/foggy_lizard_sands.nii.gz,0b8c229b278905f2a8f07ebfe691d219a7f5e4b3259828d8ea3e09af3bc22278
foggy_newt_briar,raw/cross-validation/negative/foggy_newt_briar.nii.gz,ee9796665334c50bf794e3bfaa41b0c595162fcb785c5a7280fa33001590ec36
foggy_stag_pier,raw/cross-validation/negative/foggy_stag_pier.nii.gz,b328f589657100d7b404f13b119a4c497200c12955f09980aaca42b10a617cde
frost_bobcat_valley,raw/holdout/negative/frost_bobcat_valley.nii.gz,b9fa2382434536dee71340dda492a571852a8a3dc4299a5edb917c0f2168d3b3
frost_kestrel_reef,raw/cross-validation/negative/frost_kestrel_reef.nii.gz,d696bd96fb3b6a487c36f96f6d7941e19138d754224c8837b54956c26ffdfde8
frost_koala_rapid,raw/holdout/negative/frost_koala_rapid.nii.gz,0bc73a84e15c67f4d4dc084615b2f2893fe66dd85233c5162d5d2cda0701ef04
frost_newt_chasm,raw/cross-validation/negative/frost_newt_chasm.nii.gz,ee80128eefce8ec257918c0dde75fc90e1ceef6f4db8e2cd61882dff5bf21561
frost_sloth_post,raw/cross-validation/negative/frost_sloth_post.nii.gz,a8fac9be8875dacc960739faa2f18eb4846d2d7a08639f44252497a4c9016a32
frost_yak_mill,raw/cross-validation/negative/frost_yak_mill.nii.gz,59f0380bfcd0775d555899d23a7786573e26e6a97c49549c016533bdeed9153e
gentle_condor_hedge,raw/cross-validation/negative/gentle_condor_hedge.nii.gz,385948bf631a205880370dac8ac13f8679012807fefe98400e6fe7374307538e
gentle_cougar_cave,raw/cross-validation/negative/gentle_cougar_cave.nii.gz,7eb4fde33d9934fc31cba9f7ce96d85fe9adc24d1fadf1de4eb7feb24c988b11
gentle_ibis_mist,raw/cross-validation/negative/gentle_ibis_mist.nii.gz,d2c96b92ae873b8bb1569c424fea2246cbc102e659fc72b13ee04214aa782190
gentle_marten_slope,raw/holdout/negative/gentle_marten_slope.nii.gz,8a2b5ca4fad4a91f31ee77f43ae4cc6cf3925a5db4cc3eecb4d7ee2d9673b021
gentle_trout_butte,raw/cross-validation/negative/gentle_trout_butte.nii.gz,3e8ce46c82ee49d3b4e48a90b73abd483909b0007e25aee2f10ea47f5ddb376b
gilt_kestrel_zenith,raw/cross-validation/negative/gilt_kestrel_zenith.nii.gz,255189d8e53dfa54a35091f529c61e296b3dd17f975d4217cf7208bd93df592b
gilt_lizard_braid,raw/holdout/negative/gilt_lizard_braid.nii.gz,b4f8e8b1c02eac6f3ecd4755e0101d50ce0d072bb9400fda8b77cf21c3599f12
glass_cobra_ridge,raw/cross-validation/negative/glass_cobra_ridge.nii.gz,acf53f44ae9ae89762781d87d322f23bcdb6c92dd9f5e456a60e1f50b485ce8b
glass_whale_yard,raw/holdout/negative/glass_whale_yard.nii.gz,b7703be65da549d35ed11529b74c4124e28a9369faf1f49ccbf89230dee772c5
glass_wombat_road,raw/cross-validation/negative/glass_wombat_road.nii.gz,d048633bfbf83f6fab7e968985d7a60e0e48e8a3832377229efa87009670ee46
golden_tern_hollow,raw/holdout/negative/golden_tern_hollow.nii.gz,1de5ee119ce6a39f497c4ffb2bb888bd4ef6c297471fe7a23ab4302fa5324e12
golden_turtle_barn,raw/cross-validation/negative/golden_turtle_barn.nii.gz,6ebc282aa36d451021326b3e800ab751b28a28c45a5b2da353f97f9a7d380bd3
granite_dragon_shore,raw/cross-validation/negative/granite_dragon_shore.nii.gz,7b197156cde414e4701ed594a5dfb473c53d6a6d5940bb8f76a267fb57b4dab6
granite_goat_falls,raw/cross-validation/negative/granite_goat_falls.nii.gz,6f2e88ccea3269447c8035c7693a033c3dd702b16adc5c1a1a5a3cbf77cf3f35
granite_lark_basin,raw/cross-validation/negative/granite_lark_basin.nii.gz,a7f0066ad8645af07036b06fd19413d7e3bca686161d38751c8ced81de317502
granite_marten_ranch,raw/cross-validation/negative/granite_marten_ranch.nii.gz,341a347728b971487729e736997b7904843f4b6fd6c88fab6825b86a2afb63ee
granite_narwhal_tide,raw/cross-validation/negative/granite_narwhal_tide.nii.gz,2e2a64f0fc833463ef9485f0f21547ad5647b38f7ab835a3b7e388b8cc56f201
granite_panther_bridge,raw/cross-validation/negative/granite_panther_bridge.nii.gz,b49a2bd0cac2d48ae0de2726af89b068993970a1b97385ae4e819958808f2b4a
granite_wasp_basin,raw/cross-validation/negative/granite_wasp_basin.nii.gz,054f5ad3cf475e70b1ad9f0207e404627a26856469614001eaa534e91edd1edf
granite_wasp_haven,raw/cross-validation/negative/granite_wasp_haven.nii.gz,1ae491a2d99790f585566ff620e237810b499eef6897f11b704afb08ef45f016
hazy_frog_plaza,raw/cross-validation/negative/hazy_frog_plaza.nii.gz,7168aa5b4b7ad37216e326e797a781d0fa5d15f11dc91cc2b5208413542d1f16
hazy_rabbit_shoal,raw/holdout/negative/hazy_rabbit_shoal.nii.gz,bee23ac040ad5db90a2448cdb758b5099aa1bca6789215d7085fa0597ef77363
hollow_cat_meadow,raw/cross-validation/negative/hollow_cat_meadow.nii.gz,27d272aa536f56114ad2d13ee8844870cc546b1101d5a202785f8aa0c8599f6a
hollow_coyote_ranch,raw/cross-validation/negative/hollow_coyote_ranch.nii.gz,e9e9eda86f71070ac3ce34df1d2fc293b4c6d7b8ed51e43c4f66c678ba49be94
hollow_deer_wharf,raw/cross-validation/negative/hollow_deer_wharf.nii.gz,f73aee1d7c564dc76370be44c92773c3bdf6dee06d48d3b6c12151a4e01c0b80
hollow_goat_cairn,raw/cross-validation/negative/hollow_goat_cairn.nii.gz,34c1b350c8b1021cac2c7924d9f7e6060a95b781b1f6163bc83787cd78ea4327
hollow_pigeon_spur,raw/holdout/negative/hollow_pigeon_spur.nii.gz,5fccdfea01c5120f8f0bb0ba96cb8ce8aa2dec43c88fb935ee8204e45cd8a751
hollow_walrus_dome,raw/cross-validation/negative/hollow_walrus_dome.nii.gz,65594cedc3d5ce46e8557ebe09e11cc241868039e208a59e7cf9512bd5e1bf64
hollow_wombat_reef,raw/cross-validation/negative/hollow_wombat_reef.nii.gz,6f47af0ec91ac7441da91ffc3a938ce41dda4103acf538d222cca826dd261d2b
hollow_wren_post,raw/cross-validation/negative/hollow_wren_post.nii.gz,4dd10dde53f1fa25f8c732b5bfbd5388c12a1f969c57b3c5789567076c51c901
hushed_deer_cairn,raw/cross-validation/negative/hushed_deer_cairn.nii.gz,7993d2c57be2e87fc9c98d26967583709a54ca2806e78ecaf1ba296342cc6bed
hushed_owl_coast,raw/cross-validation/negative/hushed_owl_coast.nii.gz,434ea997c27dface75a8a85e0681dfde13ce903a1d37dd3d4e6b1fa4ed9f2689
iron_bunny_hinge,raw/holdout/negative/iron_bunny_hinge.nii.gz,221c2aa47bf803d3a60c7dd6af6103fe401614f4f5d25c22c34fbcb051b6af62
iron_condor_oasis,raw/cross-validation/negative/iron_condor_oasis.nii.gz,6a0637dba8080ee38fceb87d0c287b1e15ab60516e743979e5edde6e7537016b
iron_elk_crest,raw/holdout/negative/iron_elk_crest.nii.gz,3790b353ec03e77a1c654efc6985effe88798cffa8cd4aea965cb7b5d6205ad5
iron_gecko_plaza,raw/holdout/negative/iron_gecko_plaza.nii.gz,1190d698701a800c0ed5a00da98d6bc37262c6c5bf03f190eee9efc1a53d69d5
iron_panda_yard,raw/cross-validation/negative/iron_panda_yard.nii.gz,3001cf46d23d6daf5e7838e7f91f4c6428596b74e27f291693b058c3da0c1143
iron_skunk_arch,raw/cross-validation/negative/iron_skunk_arch.nii.gz,edd5eb869a0e4ee005183a38a559505ad2b2e4b22f1d8623e99d0fb7b0092dcd
ivory_llama_stream,raw/holdout/negative/ivory_llama_stream.nii.gz,14283e47bb79bd49d78a9bce7d250f4a909102ca87bc4ab61e67fce2e7e48672
ivory_otter_arch,raw/cross-validation/negative/ivory_otter_arch.nii.gz,e41ee4d612ca692c5b77aafb39d8e1b567f5ff3f751f62c117af52920558014e
jade_bunny_summit,raw/cross-validation/negative/jade_bunny_summit.nii.gz,4602f19665e1b14f0657dcb7df8d81c415cc6bac2bb162daa408f79d22c4a8c4
jade_finch_ridge,raw/cross-validation/negative/jade_finch_ridge.nii.gz,cd1ebbdcf2a4ebdc7598ea6436bdf2c84be55821a061668e70ccbdf47a95247f
jade_lizard_plank,raw/holdout/negative/jade_lizard_plank.nii.gz,b81278915bbcd882035080c73f9ad19db970ba5f28bd728fa7ede47c74fd1421
jade_raven_trail,raw/cross-validation/negative/jade_raven_trail.nii.gz,7cc3ef359c80369c9a59db03c71397b8dd21706a3ed987db69472ef376f99c32
jade_wolf_crest,raw/cross-validation/negative/jade_wolf_crest.nii.gz,27cdee1fa9af0993fbe4c9c4a11c269d8193da49ba1681140d51ac2205e9f45e
keen_dragon_basin,raw/cross-validation/negative/keen_dragon_basin.nii.gz,13d3a699a7951cf30373b9968df2b34f0f77b6bba4db7e99c1c10e99350cf345
keen_horse_wharf,raw/cross-validation/negative/keen_horse_wharf.nii.gz,9a2c5a8dffe73ec5d0915aeb133b967c2a398a61440c8b3b8779c6f69e910294
lapis_chipmunk_grove,raw/holdout/negative/lapis_chipmunk_grove.nii.gz,a11c1f0d6e16218e9ccd36739ddae1a196dbe686c85568800a43a2d630b123f8
lemon_ibis_spire,raw/cross-validation/negative/lemon_ibis_spire.nii.gz,bd6da92e027626086a88633c293f90433ee4acd1972608217a39afe072e64e8f
lemon_osprey_barn,raw/holdout/negative/lemon_osprey_barn.nii.gz,06b75e8f9d5ebf54ab48033454f74dc7be38d22244404b0f30db90e0f257f24e
lemon_osprey_brook,raw/cross-validation/negative/lemon_osprey_brook.nii.gz,bc557491b77342db13d50e9272beb4081e0c1f3474fbe62739894b84792e5189
lemon_quail_flame,raw/cross-validation/negative/lemon_quail_flame.nii.gz,8cc9741594b74c340b6fd635e1a47ecfad559416d6ca6f66794e7d51b0666fa1
lemon_shrew_terrace,raw/cross-validation/negative/lemon_shrew_terrace.nii.gz,aa2780d3bd8c99cc2b3368c374a4595a6f95f4a78186ba6e44e1c032e633cdd2
lemon_walrus_blade,raw/cross-validation/negative/lemon_walrus_blade.nii.gz,e9cc80c69fb23ecbf084495a6b52677c337f891bd5635621135520eee75ec14c
light_leopard_patch,raw/cross-validation/negative/light_leopard_patch.nii.gz,b642393a5909fdfe5e5fd09f1bc7f306b58481483bbdc73ca5ac660d961e23ba
light_macaw_plank,raw/cross-validation/negative/light_macaw_plank.nii.gz,dcf62af88ece0f8ae2104226704ffdbcf1223146ae0910c9164bb2d815eda957
light_ocelot_blaze,raw/cross-validation/negative/light_ocelot_blaze.nii.gz,f1c3dc33100d31b6b2740eb39388090198db8ffc750065adc9bb97a461948837
light_puma_brook,raw/cross-validation/negative/light_puma_brook.nii.gz,e6c440799abe0db372712099039447bcc90da6194385271390c7dbcbbd90cc04
light_salmon_butte,raw/cross-validation/negative/light_salmon_butte.nii.gz,463826c8c4fa357d6e1c66f272b482482d276cb910e69eccfbca5e5df7918d5a
light_squid_yard,raw/cross-validation/negative/light_squid_yard.nii.gz,2ed121ae546e54f157b86f199ea185762d4501b2a8685c310dd56a1792d8f95d
lilac_coyote_marsh,raw/cross-validation/negative/lilac_coyote_marsh.nii.gz,242fb1ad3a0e7be389540a69763c7784ed6820765360bac786de6f24aaacb694
lilac_gazelle_vista,raw/cross-validation/negative/lilac_gazelle_vista.nii.gz,0ccb0e78d53e9be1eaf257e9111097eebdbc37e1ab9ce0fa2632f01189d71304
lilac_mink_bridge,raw/cross-validation/negative/lilac_mink_bridge.nii.gz,6c4057be848a31e6d09bced6877a1daa8d64e591555c8821fd8032b3471f2065
lilac_penguin_hedge,raw/cross-validation/negative/lilac_penguin_hedge.nii.gz,9991bc44f6f55259bf401998a198964d42eacfd898c26449a8caba5dd34091e9
lilac_raven_terrace,raw/cross-validation/negative/lilac_raven_terrace.nii.gz,63117ccf527bdf00ffc97286e4f4e9d65671237aca76600afff6e1af035a662f
lilac_stork_falls,raw/holdout/negative/lilac_stork_falls.nii.gz,f0665ff06a78dae0cf9821619ae9d046cec504e89f4b7a86d9edb0bcb1394a86
linen_bear_prairie,raw/cross-validation/negative/linen_bear_prairie.nii.gz,899b1a2fb8ad6968c3ba7dd851fde6fb4c573e7962e6d8789ed0eea6c3362418
linen_crow_ridge,raw/cross-validation/negative/linen_crow_ridge.nii.gz,6b11081d1b184d4e8927c23ea7b3d96a6c34ecb5d01cf9d08d5e7ab9afd2c5f7
linen_dingo_braid,raw/cross-validation/negative/linen_dingo_braid.nii.gz,c178cc7244b44e6be45bf2d81ce5fcf0b63c1acb0dacc4868eae8002e53a6082
linen_lizard_zenith,raw/cross-validation/negative/linen_lizard_zenith.nii.gz,708bb1c5b31a349913448ca9e5caaf34ef8e4b43c89ad2f518da4e9b59b6507c
linen_ocelot_valley,raw/cross-validation/negative/linen_ocelot_valley.nii.gz,e246bac341a5b3d49f065ee056311cc7e75ae548e5e0949a13daadfd0912704b
linen_panda_vale,raw/cross-validation/negative/linen_panda_vale.nii.gz,28168c3d4fe1f0da67636bff10a81c0045750470e78a68f9ed41e41392472cf1
lunar_hawk_oasis,raw/cross-validation/negative/lunar_hawk_oasis.nii.gz,4135003202679b4c26cd6d35a1a934589988152db6d845510a1cdbda309c7d0a
lunar_newt_brick,raw/holdout/negative/lunar_newt_brick.nii.gz,925748cfd2ce5d48e875cc30fee38ae2e97c5752be2c251f77d5bf89286fa65a
lunar_ox_rapid,raw/cross-validation/negative/lunar_ox_rapid.nii.gz,e984f878d6a8be5b6a3bcc1e42f2b08993df12fe97a997ea0c711c40ec5cc2e2
maple_stag_cave,raw/holdout/negative/maple_stag_cave.nii.gz,fafbffad7b01e4c4016d94c90d828bfdd85553ab77cb09ca9dee980ec4fa321d
marble_clam_valley,raw/cross-validation/negative/marble_clam_valley.nii.gz,be19658350b6809b0eac4105bd1b0ecaacbfa16c1949164e6ec1a6c00768b915
marble_coyote_plank,raw/cross-validation/negative/marble_coyote_plank.nii.gz,65ee4b58ba54bfb924f20ad9a6cacb59a4cd6bf7005fe9bafbaab9d47a7a7326
marble_fox_yard,raw/cross-validation/negative/marble_fox_yard.nii.gz,a9add4055cd9166d0a35d9da78669b502184005454718a6a863c06e6a73776eb
marble_ibis_sands,raw/cross-validation/negative/marble_ibis_sands.nii.gz,97b9397b1cf34dc3917008fab4369006e0913be11b3c792f6f4c3a5ce08a3a33
marble_iguana_shore,raw/cross-validation/negative/marble_iguana_shore.nii.gz,d2aa74eba2fedde83a8e82e7f936f2f4e89075cfc3eb0d3ae6a5ff46e0767564
marble_kestrel_delta,raw/cross-validation/negative/marble_kestrel_delta.nii.gz,1bee42dc3790357614a3f3801f84f74c569f95f2fe11ced269694d8c67cbe8ce
marble_newt_yard,raw/holdout/negative/marble_newt_yard.nii.gz,6f90a9da5dfffd0716ec50911d64353c39eb0f5fc142555b5efba1b1cf462c65
marble_owl_plank,raw/holdout/negative/marble_owl_plank.nii.gz,de7867cd61be415e6d68763a810ca88b2d3062c3c755e9ea78e228e12d21ec46
marble_panther_shore,raw/cross-validation/negative/marble_panther_shore.nii.gz,271cae2fa06f0560017e62a3e85f536cb33a1a09b05f978905dbfe03b10c8455
marble_snail_dune,raw/cross-validation/negative/marble_snail_dune.nii.gz,3e3e63d6eebb8da8cac07364c75118e1e548910db62c3057cfa0d383592546f2
marsh_badger_meadow,raw/holdout/negative/marsh_badger_meadow.nii.gz,1c127212cc9c93fe6ea5e5b7292772f27ec8a87bfd8b94ad97877be8f4d24954
marsh_moose_vale,raw/holdout/negative/marsh_moose_vale.nii.gz,35ec645988c41730f758d3e090c6482c5417a7d70333b281d51e9fb45096d0c7
marsh_pelican_gleam,raw/cross-validation/negative/marsh_pelican_gleam.nii.gz,a21ea69a62ab65d713b2cfe41fe231c69fa85e09d68e01cf7235a01915a402bc
marsh_salmon_verge,raw/cross-validation/negative/marsh_salmon_verge.nii.gz,2253ff37a589f77058eb1db54da90ba79568b801dd9aed81e066d92819fcb922
marsh_shrew_hollow,raw/holdout/negative/marsh_shrew_hollow.nii.gz,268f32b235c1caee108f478ab2a3790920a8aeeaf46c3e9312b2c42ec9f7ff51
misty_bobcat_flare,raw/cross-validation/negative/misty_bobcat_flare.nii.gz,d0ec5ec3cd18334fc48e5781c9a267455dedbc071fb12d7b289786ca1c21881c
misty_iguana_butte,raw/cross-validation/negative/misty_iguana_butte.nii.gz,ae32c2d4375de343ebcb786bc651fa69ea3eceb0127a27a66d992d09bb5a4624
misty_lobster_falls,raw/cross-validation/negative/misty_lobster_falls.nii.gz,ef9937c0b6586d273ec27979512ee098f68f901f2ef12c6d16806f9d99917596
mossy_bison_haven,raw/cross-validation/negative/mossy_bison_haven.nii.gz,979c8ea86b9065675b98cc0762a846d6b8e5f965291d9aad193aec34db94c726
mossy_gecko_port,raw/cross-validation/negative/mossy_gecko_port.nii.gz,e9fcdb917e203aa011f3b2b4fd4ddf29a76b2e246064188c0310f243239b2474
mossy_grouse_moat,raw/cross-validation/negative/mossy_grouse_moat.nii.gz,b73d717de5dca04dbf406162f71da911e654c9e9f1006c83d133b37a107d9193
mossy_lizard_wharf,raw/cross-validation/negative/mossy_lizard_wharf.nii.gz,62cf78c8d6d095b571d8a8495e096fd3e09d814c91a8e433e68a550e4d19170c
mossy_parrot_plaza,raw/cross-validation/negative/mossy_parrot_plaza.nii.gz,e94e1b0b8f57e7d1371a9dc4c85dddbbacdc4a570d24d321b6201f102d5b9c27
noble_condor_meadow,raw/cross-validation/negative/noble_condor_meadow.nii.gz,ebc4d3be78ed9ae7f6f7e913b7e8511d0bd6594e81b206992a4e50d6da67c321
noble_heron_flare,raw/holdout/negative/noble_heron_flare.nii.gz,253688668499794953855c9fc88ab73a3a5ca9a2c61e20eb1139ddc414c90b11
noble_iguana_ledge,raw/cross-validation/negative/noble_iguana_ledge.nii.gz,75e123ac7fab167db6e341dfe062f83d20d666332855ae56b5ecf9d3d20ed40d
noble_lobster_brook,raw/cross-validation/negative/noble_lobster_brook.nii.gz,9c8109e2dc78daa14adfdbae62d5eb5c7f25a5a15667fce409b9017982d2e332
noble_skunk_cape,raw/cross-validation/negative/noble_skunk_cape.nii.gz,c9858ecc05d4fbe5a0915d5539f890ec2ec39bf45bb3d96e00fdeb9bb50604be
noble_stork_knoll,raw/cross-validation/negative/noble_stork_knoll.nii.gz,cc880df82c69a759ec2b4f9b8170659a0d72bb4108bb2ace97024392edc3c562
oaken_chipmunk_lance,raw/cross-validation/negative/oaken_chipmunk_lance.nii.gz,adc6dc605dc0c23a8fda750e66cd71d0663184c282b82805a69b16998537fbf4
oaken_crane_oasis,raw/holdout/negative/oaken_crane_oasis.nii.gz,505dedd301543f5041b30fa57797ad2cf21b74e8e3cf56622f143d4935892af9
oaken_dove_canyon,raw/holdout/negative/oaken_dove_canyon.nii.gz,4e3a307b83983594218a5e0aab89f60833b9a9d11dbf6ece0b563559d876f9ac
oaken_hawk_slope,raw/cross-validation/negative/oaken_hawk_slope.nii.gz,7faae6bbfa6b95ce1ab9b2c7f2730c3030637003d6d237a6ff201b4204feac6c
oaken_robin_bridge,raw/cross-validation/negative/oaken_robin_bridge.nii.gz,38e96f198e761a96d6f2d91f1c9aae8588ec64afde36086866886a5402182f12
oaken_seal_lance,raw/cross-validation/negative/oaken_seal_lance.nii.gz,98c2742ddd269bf08ff8347aade89df3a483d345382298d6052e38117a8c73a5
ochre_dolphin_glen,raw/holdout/negative/ochre_dolphin_glen.nii.gz,2c01731b037d9a72dc2de59327af4d85f58171ed811df5a6e96a2938dbaa0207
ochre_grouse_flare,raw/cross-validation/negative/ochre_grouse_flare.nii.gz,b8922c3f921669ed171a23d2f96d6ab6a43a27501e517159fc02958d3cd44464
ochre_gull_thicket,raw/cross-validation/negative/ochre_gull_thicket.nii.gz,f408b4e1155e7b640b40c6eec7d7c4d3663ba237a244d5b2078f6c2596ee0c2d
ochre_heron_mill,raw/cross-validation/negative/ochre_heron_mill.nii.gz,6a8299dc3906027b995c52d37c45897c0b2909703333e55a1ca8a79ec5557dd5
ochre_mink_crest,raw/cross-validation/negative/ochre_mink_crest.nii.gz,bc25e4006e58f9b5fb7bbd1bb09e0255f34349b51184df12ea8a5d9164946607
ochre_raccoon_chasm,raw/cross-validation/negative/ochre_raccoon_chasm.nii.gz,da644486fd2e1e2f121cd66c1ffa2d509aea3cd4536ceb77f652930a487b6294
ochre_toad_mesa,raw/holdout/negative/ochre_toad_mesa.nii.gz,7d0c2a35ecd361e11e63c0aaac4d2476f4a9aceb258a95bf00584ed9eb7aaa7d
olive_heron_rock,raw/holdout/negative/olive_heron_rock.nii.gz,ed8ee3832b7e0e7f3cce771e917defd5d67dcc792825483e6ee25a29cb824efc
olive_kestrel_field,raw/cross-validation/negative/olive_kestrel_field.nii.gz,d0516ab9daa62e230ec7e983a20ae5e11c407d3f6aa74d52dd7fdb3d02a6ffe0
olive_ocelot_vault,raw/cross-validation/negative/olive_ocelot_vault.nii.gz,54cdabc7cf979b38d811829d4ce57367f0678a7a7b383ca618f641ff8c68980e
opal_gecko_mist,raw/cross-validation/negative/opal_gecko_mist.nii.gz,ed053f1e35263ae8b7db444026204bda941edb589cb80fd13a8dc94049501da7
opal_impala_brook,raw/cross-validation/negative/opal_impala_brook.nii.gz,1c42b0b6f60226ab682294d1be62afa31a41fc422cc76534622a4ad59dda9e0c
opal_narwhal_field,raw/holdout/negative/opal_narwhal_field.nii.gz,0c30cd3b2c40722c74c100fd933a0a55256ee73507d9255d9c9fb0dc8fa3584a
opal_turtle_cask,raw/cross-validation/negative/opal_turtle_cask.nii.gz,f1a868ac9bcaabc9d86917428d8c19b0fdd48aaf4c5e55bb31eec40a7a2b5a8e
opal_wolf_delta,raw/cross-validation/negative/opal_wolf_delta.nii.gz,97e7f429e8184953074fa1445785cfc3ef4ead44ed0823efc6a26202dc349440
pale_jay_river,raw/cross-validation/negative/pale_jay_river.nii.gz,4a9e17bc1b6f3122635e4181870c1b8daed302047adc1e38c07addd13cab52b7
pale_lynx_tide,raw/cross-validation/negative/pale_lynx_tide.nii.gz,2b4d23b11d4cbd758f6ddf8742298def0b433ba86abc0c1f235d96ddbca62f03
pale_osprey_stone,raw/holdout/negative/pale_osprey_stone.nii.gz,8ce437827efa286d42c169974e2c21d08d3bc9e83ad78be2fa11ba2a7f390305
pale_ox_summit,raw/cross-validation/negative/pale_ox_summit.nii.gz,82b57f44b08ae924971e8f17fb9a7b16069270578207875f001571f8d5585268
pale_raven_creek,raw/holdout/negative/pale_raven_creek.nii.gz,e813c2bed4d0d54e6aa41eadfe41ccbc3533a4d1bfbd4368023e276a19aeab46
pearl_camel_vault,raw/holdout/negative/pearl_camel_vault.nii.gz,1ffd5b169fe5f74aa784f1234e53f2013437daaa51743c5a22afd5c573b48bd2
pearl_dolphin_knoll,raw/holdout/negative/pearl_dolphin_knoll.nii.gz,b7884ad61ef5938abf4b6a0f8cad2b996f471b47d7dcd8c251764b27ee0bcbc6
pearl_lion_frost,raw/cross-validation/negative/pearl_lion_frost.nii.gz,82a4e85230e24b0597a18446feb63e158c3e594d61b32f10dc3321531e7b7005
pearl_otter_cape,raw/cross-validation/negative/pearl_otter_cape.nii.gz,d0f4d59724892ab2fd01a2ef47575b0dfc885dcd272323e7eca8bd9995ddce55
pearl_puma_fjord,raw/holdout/negative/pearl_puma_fjord.nii.gz,a1836be135a929939bd65357de1cc1f2efc1b178c169b6ed994122449d79e182
pearl_quail_briar,raw/cross-validation/negative/pearl_quail_briar.nii.gz,fa4541466120130886fbde4ddc639f831aa8716badabd67292471ecaad1cefaa
pearl_tern_notch,raw/cross-validation/negative/pearl_tern_notch.nii.gz,448809b67cb830e29026a098d9123182de26d2f5863a77344c72b2343260c8a9
pine_eel_bower,raw/cross-validation/negative/pine_eel_bower.nii.gz,a39921174edb046663751d186f81738f4de8b76ebf6c2bd81543a2ce204e6fbf
pine_lizard_pass,raw/cross-validation/negative/pine_lizard_pass.nii.gz,7e8329bda484935797c0505d6e702ecc595f4895b98755214dbb44cd416f1bbb
pine_macaw_brick,raw/holdout/negative/pine_macaw_brick.nii.gz,145737c6a17ed78f92ccaaae69b48a9ab8f0d3b5c31249f371cbb63db83c3726
pine_newt_field,raw/cross-validation/negative/pine_newt_field.nii.gz,bb51d1d1896a24a5aa1a6fb696e5199792378ae376a1e0cb545d20d6265fcd6b
pine_owl_woods,raw/cross-validation/negative/pine_owl_woods.nii.gz,35c3f6e74fe878b4191aaa9af3df1d7079e399d24682ae5c02c148b1b153d200
pine_robin_cove,raw/cross-validation/negative/pine_robin_cove.nii.gz,3497c08d14aea589983c728b681cc3d104aa9ba86f1b09bdb5c036b8091a36e8
pine_tern_cave,raw/cross-validation/negative/pine_tern_cave.nii.gz,661fda399a2b773ff5d21ba11b40737f782321e04bbb42d51321c4a34488ac9d
plain_osprey_knoll,raw/holdout/negative/plain_osprey_knoll.nii.gz,12f6f3d2c74d43f958fb56946da3da258853bcee9404ef77d9f4e25fa8c28d20
plum_eagle_blaze,raw/holdout/negative/plum_eagle_blaze.nii.gz,920183ea8b1680916a7f6368d52833b152eb04991c1581c688cab83004c0f37e
plum_goat_flame,raw/cross-validation/negative/plum_goat_flame.nii.gz,15a5f79f430cf7e1f651346b8b15a66d448a6802268011cee06f676fbd929c64
plum_mouse_spring,raw/cross-validation/negative/plum_mouse_spring.nii.gz,adbdaeead0e57b8daa7ac023de36babf733c81d9b328b1ed3e7175d63157ed5a
plum_skunk_ravine,raw/cross-validation/negative/plum_skunk_ravine.nii.gz,44f8cb4fe176fbd3ff37c12a65f04d0aadd690ec8ee1ad603d0912e6f123c9f3
polar_ocelot_pine,raw/cross-validation/negative/polar_ocelot_pine.nii.gz,27bf7ce5907ad3ba4601f2d29afce692ae8d4b3e96918cdf33582a662dd448d7
polar_vulture_ruins,raw/cross-validation/negative/polar_vulture_ruins.nii.gz,ce695824d8e158b0227ff1585c830a96ef1f27541e9ca5f8b4080cf9354ca7fd
proud_flamingo_cave,raw/holdout/negative/proud_flamingo_cave.nii.gz,f1a869c7f0853886d480890560e432be5f962d7b96a8d6f173e6702dee84387f
proud_parrot_cove,raw/cross-validation/negative/proud_parrot_cove.nii.gz,316b562a91a7de03e9b5588f4eeaeb7494db5869af16241df189092a3002250e
rapid_bobcat_quartz,raw/holdout/negative/rapid_bobcat_quartz.nii.gz,80b9309fd64bb5b358147be010cf43b6f9581044d65ebe8c76e8c7766c67f388
rapid_finch_fable,raw/cross-validation/negative/rapid_finch_fable.nii.gz,6383923ef03a53fae7dbdc032540ab402a3b7e23944fb87a16359419f38c5963
rapid_lizard_stream,raw/cross-validation/negative/rapid_lizard_stream.nii.gz,2bbf6c0c56ea557f15eee2ac174a0bfda5c999cbf5b3179cae7dac64c74c3c55
rapid_pigeon_hill,raw/holdout/negative/rapid_pigeon_hill.nii.gz,fcc41ed69e44d569bb14f5a95d6fc8559ca8a165b41adc356fd98098f15a3b94
raven_eel_spur,raw/cross-validation/negative/raven_eel_spur.nii.gz,193f6f57b8e6cd5246b982dc4bd585ea450a3d06059dcb9975fb0b0e70b69b31
raven_ferret_zenith,raw/holdout/negative/raven_ferret_zenith.nii.gz,c1b01ad10983b6e8f4b0221666682cdfa3c01c2374249db19d3509df2930519d
raven_impala_zenith,raw/cross-validation/negative/raven_impala_zenith.nii.gz,aa2ba67fbfd4117cb294d9fa6d17dd7d9a7748cdb063c8b00d0dcd0d69036f0e
raven_lark_butte,raw/cross-validation/negative/raven_lark_butte.nii.gz,b987dd1e9036a42ef3f14e222d120d93664d190fe085349da7aa70afa02483e6
raven_pigeon_shoal,raw/cross-validation/negative/raven_pigeon_shoal.nii.gz,eb58a6ffd96acb9490a140bc51ddb96b113bdefdf0ace2f63fbbd80383881aba
reed_jay_port,raw/cross-validation/negative/reed_jay_port.nii.gz,1e1a23ebfa1cee266f0d45436fde8f1b2ac1bffd65848122040cd9bbf35c56f4
reed_quail_haven,raw/cross-validation/negative/reed_quail_haven.nii.gz,f776d6f29a5b883c4f1dc992c9ef8adc6fcc6c7cd73696c4c76e5d432f5221bb
reed_salmon_gorge,raw/cross-validation/negative/reed_salmon_gorge.nii.gz,53bf55a6bd3e1e16b328870d53594983ca6ba27acc5e16d054ec34941eb6005b
reed_swan_haven,raw/cross-validation/negative/reed_swan_haven.nii.gz,3ffc57bdd3e8183d0470ec10ef00b809d8b471d1efd6e7006c0f4027cd49b0d8
rocky_shark_patch,raw/cross-validation/negative/rocky_shark_patch.nii.gz,06ce128c7731a9af50c71e8952e49afeefd8d8d4d9a428a26d181582b1d968f3
rocky_wren_bluff,raw/holdout/negative/rocky_wren_bluff.nii.gz,e615ccf9655802bd54f7eafdfa07397099fcf48268422560e971e46d48d7c4d7
rowan_goose_weld,raw/holdout/negative/rowan_goose_weld.nii.gz,a51264dfdca3f87a0b6b35ffacf5864f24a0b11e7cb1f5732f706b438ce00ee3
rowan_grouse_crown,raw/cross-validation/negative/rowan_grouse_crown.nii.gz,6505ee63c67a8afa708911938a83c350ef84b06ed1b0ad4ffcec7c8e338c6377
rowan_impala_cairn,raw/cross-validation/negative/rowan_impala_cairn.nii.gz,a5634ae305a922b4887d1fa096ff4911efa373fc15447444c5a301db39a9aab0
rowan_newt_stone,raw/cross-validation/negative/rowan_newt_stone.nii.gz,38f0b262e5ccbad886d8731463cb60122a600bc10b2fcf4fe3438e717f365c25
rowan_salmon_prairie,raw/cross-validation/negative/rowan_salmon_prairie.nii.gz,dd9b236f4b753d89b9b124cfc297c9a7c0d2521ab162f0c179a9385cd494cd39
ruby_bobcat_verge,raw/cross-validation/negative/ruby_bobcat_verge.nii.gz,90f1eafded6f473be53ae287edf4e1bbb5ddc9a94718e420ff825798d998ce36
ruby_jackal_rain,raw/cross-validation/negative/ruby_jackal_rain.nii.gz,f3eab40e0008bc4ca7d5353b3eff5785ed21ae1857aa58c0e2acc1f0cbd016e2
ruby_jay_bolt,raw/cross-validation/negative/ruby_jay_bolt.nii.gz,a45d092a1f72dd03f23595d31180bf50e8410bd541c9164eb09a12196ea070da
ruby_kestrel_arch,raw/cross-validation/negative/ruby_kestrel_arch.nii.gz,1c8d536e7affd0109a94a20c69f47ae6b09b992080c72daf37ea9866a4d043ea
ruby_toad_pine,raw/cross-validation/negative/ruby_toad_pine.nii.gz,922100f6a1ed1dd4a7c847bd690ff0bfc4fac58faee83130a1ea2be65029b24b
ruby_turtle_woods,raw/cross-validation/negative/ruby_turtle_woods.nii.gz,cbc976c7f9f97d8249cd11a00ddefc87a04aa7e237cb4a73d009de84b2afffad
ruby_wasp_sands,raw/cross-validation/negative/ruby_wasp_sands.nii.gz,fb3903d8d0b16cdb08d0b907dfe697a49d4cafed70b37efc85021bf79e2d842e
ruby_wren_shoal,raw/cross-validation/negative/ruby_wren_shoal.nii.gz,c27077cc8a215d47224ab6ea2ef275ad68b3b7cd917bb1ed2864eb5573d85179
russet_chipmunk_vale,raw/cross-validation/negative/russet_chipmunk_vale.nii.gz,4907fb47fd08ed17eafc1f5afc8bd91af549e6bb7ca3fa2fe25835a63b51ade4
russet_dingo_stream,raw/holdout/negative/russet_dingo_stream.nii.gz,4946c4ebd298a9fc498b4520ef36eaaf67e2c36609e21fa418ece61fc35151c3
russet_gorilla_flame,raw/holdout/negative/russet_gorilla_flame.nii.gz,dff7e9699d6436cea391dea7eba75aabb5c9934c692910f1ff85591170988e7c
russet_pelican_chasm,raw/cross-validation/negative/russet_pelican_chasm.nii.gz,dd8114721cd12996a0dc62633b69412b71f8f06a6f2c95a05e811ffd2246dd41
russet_raven_road,raw/holdout/negative/russet_raven_road.nii.gz,9b41c10854dfbb0d74bd5210cbd1c2ab5bf91e9ca60037d0f9f4cbd8bb9ba532
russet_snail_quartz,raw/cross-validation/negative/russet_snail_quartz.nii.gz,ddd2491565604798f41364de579c2c103745a640b7e0289c6a540a5d0d78736f
russet_turtle_weld,raw/holdout/negative/russet_turtle_weld.nii.gz,1c8f94b0020b28530c0788c558adaccae61b4d1b4dcb0a5eabf1867e9a7ad595
sage_chipmunk_heath,raw/cross-validation/negative/sage_chipmunk_heath.nii.gz,a42cf3f545ae6fca8ce35dc527567aa46658e967e0ae7c8d9c3c97dc94f6efb3
sage_flamingo_ravine,raw/cross-validation/negative/sage_flamingo_ravine.nii.gz,58669b370e4be91db81b5107b72b686135cccb11606a7b3d5c63d2aa0a5e6d91
sage_puma_ridge,raw/holdout/negative/sage_puma_ridge.nii.gz,14b5d399100635745bacc1a8676f0e55b931349b0b6d7f0b004ab25d3e56ab78
sage_turtle_brick,raw/cross-validation/negative/sage_turtle_brick.nii.gz,6a4e075dab379d38e1c14ae89f0a69d7cadff5c8e923819294986b763b1fac72
sandy_ferret_plaza,raw/cross-validation/negative/sandy_ferret_plaza.nii.gz,071e7073051fdfccc9865d4fcbae131b1b659c493dc2b821df38cc949f268397
sandy_jay_flare,raw/cross-validation/negative/sandy_jay_flare.nii.gz,4675bca289a591ad02b8f590e47d196df2fa4cf7e3ad4c68cad78b266719933a
scarlet_dragon_briar,raw/cross-validation/negative/scarlet_dragon_briar.nii.gz,12759c61e9e5f204c49ae8cb3e6479769b480f92f696c6f04151d44378932d1a
scarlet_finch_grove,raw/cross-validation/negative/scarlet_finch_grove.nii.gz,d7829141447bd508e9ed03c24c6a8bd08f99718f849b34b29beab385d6a31152
scarlet_macaw_ledge,raw/cross-validation/negative/scarlet_macaw_ledge.nii.gz,f5d8c35656a764c1754fa018605876814920cb3d96e55c8aaaba721add82e703
scarlet_walrus_candle,raw/holdout/negative/scarlet_walrus_candle.nii.gz,c1f1298ec743a2e72e62ba5501d2e04f2844f86f1ef2577c7f66390257f9507a
scarlet_wasp_bolt,raw/cross-validation/negative/scarlet_wasp_bolt.nii.gz,10b07301041780bfad5c4b352d85720b6e9920d8fd4136c38d8edc177ad577cc
shadow_fox_ranch,raw/cross-validation/negative/shadow_fox_ranch.nii.gz,9d42f902504be4ffb51d46bd352ad257a1db018241b5e899ec4269809e8b33e3
shadow_mouse_weld,raw/cross-validation/negative/shadow_mouse_weld.nii.gz,69d1fc4791e6848e166230b8d3395e63316872c316ebaaba499379eef9af5665
shadow_viper_marsh,raw/cross-validation/negative/shadow_viper_marsh.nii.gz,de348077fc5e8fdfabb869cd910881142b4aa2af3a9b676a7c582b4b21281efc
sharp_goat_spark,raw/cross-validation/negative/sharp_goat_spark.nii.gz,68ddf7f648de975dd3fd614bdc366b22f0afda096a4c0ba9130b9ffec1df0091
sharp_wren_tide,raw/cross-validation/negative/sharp_wren_tide.nii.gz,c78daba5c046ba86a2296fa2f34119d91552703d4bb963da40baba3afbe241bb
shell_lynx_lance,raw/cross-validation/negative/shell_lynx_lance.nii.gz,716c63a9cce7cbdef49e87e4933a1f5991e7e03b5d60b7e8b02d0f277342191a
shell_ox_notch,raw/cross-validation/negative/shell_ox_notch.nii.gz,f50936bb9f02532278b61b15947bd71bf835c6577535355bf413dbf6af97295f
shell_pigeon_port,raw/cross-validation/negative/shell_pigeon_port.nii.gz,8b1c5540506479fdc10fa4a85e2adca13bcd4e04fe821d8ebcd986d422560449
shell_sloth_brook,raw/cross-validation/negative/shell_sloth_brook.nii.gz,6efceb6e8ecc0d39c1b5d57b965e5149f274b60bc10a9d5ea6933c8d89c583c4
silent_frog_brick,raw/cross-validation/negative/silent_frog_brick.nii.gz,fcfe9b0cf938c33f2b8689bd3ae3f191be18a28b0bf979316d2a333da07373f0
silent_frog_falls,raw/cross-validation/negative/silent_frog_falls.nii.gz,160bc310e9b4186f090955db97f210a00646661894d33887da2842619fc97d35
silver_panther_cove,raw/cross-validation/negative/silver_panther_cove.nii.gz,a36d2ef3a4d761d0772a5df0220bce4d79515a4ee79c4f46da91ac47243499e3
silver_penguin_summit,raw/cross-validation/negative/silver_penguin_summit.nii.gz,cd70d15c2a10dfc6149e90e18ab107455cff98cc29b4137dde86f1c3b5b73cde
slate_flamingo_heath,raw/holdout/negative/slate_flamingo_heath.nii.gz,d954089ae56ba923669aaf8f5bdd56780452770669df7594f4776b7a43af6319
slate_osprey_dune,raw/cross-validation/negative/slate_osprey_dune.nii.gz,dede41c323994a475cd885a312c29bc073fcabb59a73fb8738f946734836d056
slim_jay_terrace,raw/cross-validation/negative/slim_jay_terrace.nii.gz,588c68ae63f33d74423623eb14ba85f0491c455caabdb39a0139c74a5675c92e
slim_mink_lake,raw/cross-validation/negative/slim_mink_lake.nii.gz,c9cf49f705b0d5d0cebcf8ca4c47027b9cee116c89c9d02df6ab16f0ece79443
slim_panda_glen,raw/cross-validation/negative/slim_panda_glen.nii.gz,879bafe2153a05b7ca915aeb8cc9a5384e2b221dba5476b17f89f2b92148c0b7
slim_stork_cave,raw/cross-validation/negative/slim_stork_cave.nii.gz,58854b2c377bd01a6982e8a082c226f4c43f4162bc425a78ce1a27573ef5c0d5
slim_tern_stone,raw/cross-validation/negative/slim_tern_stone.nii.gz,9d57d707297a32e1cb3485c381f0d4f986349ed02e8e8a832daecb060dc89994
slim_walrus_barn,raw/cross-validation/negative/slim_walrus_barn.nii.gz,d7f9e9d9febc49d9234efc67bbfc385b402022a2109ce9fe9454b800a06074e5
solar_cougar_cloud,raw/cross-validation/negative/solar_cougar_cloud.nii.gz,51a97284c538ebdf85cbc78300748994f5cc6b77b4e44c2af34dbf19f1263e72
solar_stag_field,raw/cross-validation/negative/solar_stag_field.nii.gz,12dc712c321307310f272d409a3f56d00834804d68583dc62306f997727abf5f
spice_dingo_butte,raw/cross-validation/negative/spice_dingo_butte.nii.gz,d463a4715f644d0366b9f4c33310b3218f295989ca2d0f3bd020701d00dcc422
spice_hare_dune,raw/cross-validation/negative/spice_hare_dune.nii.gz,7572d8fd8b9bd09b849373d40e8a0aa620e83a5311385e5e83dd79eea1d673ea
spice_pike_shoal,raw/cross-validation/negative/spice_pike_shoal.nii.gz,ea317508f58aaed363199363baef0725bd067d336aacdfbe567fae23a8fba5d0
spice_seal_cairn,raw/cross-validation/negative/spice_seal_cairn.nii.gz,31e62fb552b918542d39ce975d527a091a4cd076820205e978d3499e226ee8aa
spice_viper_vault,raw/cross-validation/negative/spice_viper_vault.nii.gz,efe58324292561e1cd2ba76df43090a09eecef142cdb354e963b10083e48c759
stark_duck_shelf,raw/cross-validation/negative/stark_duck_shelf.nii.gz,9d0ec15e882e69328cfc28cf59fb085e60717660d8d77c878b369596b40c7f81
stark_leopard_flame,raw/holdout/negative/stark_leopard_flame.nii.gz,4af15ccc3dbf70ae05a8ad4a9f029b06c82e3b05bc4aebf85514fc903bd56997
stark_lion_spur,raw/cross-validation/negative/stark_lion_spur.nii.gz,4e28321fedb8c59afbf3cdbb48ca0cfc4fa43a11a6a781864395e7acfb98daf8
stark_parrot_spring,raw/cross-validation/negative/stark_parrot_spring.nii.gz,5f50d9e11586c6c9afb6a164cde325320bec70254201160f0763f4fe0e941a47
stark_raven_gorge,raw/cross-validation/negative/stark_raven_gorge.nii.gz,ed1691c2a06546e6e85bad1d71cf6b8d26924d3db15243f950de8e24b1429260
stark_stag_rock,raw/cross-validation/negative/stark_stag_rock.nii.gz,c1fb01efc18d6f7881a455bc0099c5ee41536c18a4e28f2cf2fabe4cbc1cd15b
stark_yak_sands,raw/cross-validation/negative/stark_yak_sands.nii.gz,bf2da17e7dc4838529832f4e278155ce7d833c1a892e64ec1d8959b236f74ecf
steady_shark_road,raw/cross-validation/negative/steady_shark_road.nii.gz,884595da3bd8dce567be6250657738ff369b27df86a7994dc9a6f8d6c2b67593
steady_shrew_hill,raw/cross-validation/negative/steady_shrew_hill.nii.gz,e212bc1661f02967a5cb4660ed26d3f7801be7385f5fad7f2a8f8679446f9711
steady_walrus_weld,raw/cross-validation/negative/steady_walrus_weld.nii.gz,6435bdb0210ba01f53bb011b17b45366552c449f36fed20926bf5c05f16c781a
steep_flamingo_chasm,raw/cross-validation/negative/steep_flamingo_chasm.nii.gz,cbaa4690e0ec173ff8919e16421aab0c2eef2527813f757b30ef096acadeae32
steep_hawk_gorge,raw/cross-validation/negative/steep_hawk_gorge.nii.gz,cb0d3f8c0856473b6ac19672c08912511a832a5ae8c484846ae52bda19ca3313
steep_ocelot_grain,raw/cross-validation/negative/steep_ocelot_grain.nii.gz,588a9338443cc4bbe254253648bbef62b0fe5f8ef50605ac89cea5b7cdc05113
steep_ox_forge,raw/cross-validation/negative/steep_ox_forge.nii.gz,6776373669289d0172f77942d97c71213ec948b3ef1effda0ca7805dbc2704c0
steep_viper_rapid,raw/cross-validation/negative/steep_viper_rapid.nii.gz,b0268547ef595d5e594cd8414949fbe52983334a867c572644507208f9c17e8f
stone_cheetah_knoll,raw/cross-validation/negative/stone_cheetah_knoll.nii.gz,86717d80715753b35d521adb88287a6ecfebda17927319fcafd90f0b58d99f7b
stone_cheetah_rock,raw/cross-validation/negative/stone_cheetah_rock.nii.gz,2194a5f4b7a92e34a8edbe377ab4fbba4db3dd84b566d90ad3d2074e0fb8f2ba
stone_coyote_forge,raw/cross-validation/negative/stone_coyote_forge.nii.gz,1ab9ef4066b3ea8439539e90b8e1142f150e6bb9bbd7c5c14468762c6c4cd571
stone_deer_mound,raw/cross-validation/negative/stone_deer_mound.nii.gz,88baf20bcd7c0f6d1547ed66369cae136e3f11d79a0cf83055a5b14f3a0d1975
stone_jay_spire,raw/cross-validation/negative/stone_jay_spire.nii.gz,419fe8dc44456f120dfdd49b4ad81eafa0db6f67cee7bff18db328708d2091fa
stone_swan_creek,raw/holdout/negative/stone_swan_creek.nii.gz,75ecf25493b822ca61905a0351d8f6efc0da9d580cf02b1e8d46cb81e6d40ed2
storm_otter_verge,raw/cross-validation/negative/storm_otter_verge.nii.gz,2a1ad3576166f9749b08738ecd83010580897f159c9884d5d21ee4b40c6716c6
storm_puma_shoal,raw/cross-validation/negative/storm_puma_shoal.nii.gz,616dcc52f0c1f1addade894450e913b3ec45af277f0606a5f13c08f0dfdcf207
storm_shark_crown,raw/cross-validation/negative/storm_shark_crown.nii.gz,3436b997e41c26d0b4371fc321c167d026ca3774f0491feaaee03363b7c14a33
stout_camel_bridge,raw/cross-validation/negative/stout_camel_bridge.nii.gz,a450fc8c7b7de99bd8472f5912fe47c64aa12d57f47e9f1a5994fe44a3336664
stout_moose_terrace,raw/cross-validation/negative/stout_moose_terrace.nii.gz,31c96207ac90b0b55163cb52adaef5b685270e7a45b565732318cc80b3b7d3cd
stout_newt_field,raw/cross-validation/negative/stout_newt_field.nii.gz,5b772cf42729ad684a78d9a5aa5bf919fcfe98687ac151d35d5638180a9fedfb
stout_newt_tide,raw/holdout/negative/stout_newt_tide.nii.gz,2405783fb8a2a449ef93d654dfe90e3754e08977481f8b1226d474158d7ad8bd
subtle_moose_pier,raw/holdout/negative/subtle_moose_pier.nii.gz,efc8d0be4fd1ea70a3b7d496f04555830b671eb40ada13e168cbd64c4a05ecad
subtle_narwhal_stone,raw/cross-validation/negative/subtle_narwhal_stone.nii.gz,11399f148f2f14cccb6788aade46c290620c300d5b937f81978f5b71620d4f52
subtle_walrus_dune,raw/cross-validation/negative/subtle_walrus_dune.nii.gz,c80b1e62bb97af2200eb461a5cf48495b67af8e46235a73b8fe4bf82cdae4085
subtle_whale_cask,raw/cross-validation/negative/subtle_whale_cask.nii.gz,8fb795fdb390f0d41ecb61812388fe0bdb079058b02e0f667196d2634d29cd71
sunny_cobra_falls,raw/cross-validation/negative/sunny_cobra_falls.nii.gz,6030d01c3d42cf264899484c3e1a5a1b30a6d477067ecf6547c972f7d068962b
sunny_deer_fable,raw/cross-validation/negative/sunny_deer_fable.nii.gz,889d358ac82341c69ac1578b94c35c1d541f3a30832c0a26d1dec20bdd19177d
sunny_deer_stone,raw/holdout/negative/sunny_deer_stone.nii.gz,a82f127610596bf1bf19d1a522b0cf914a75f3374cc0bab02db58f00833179f5
sunny_heron_rock,raw/cross-validation/negative/sunny_heron_rock.nii.gz,de6467fe98a49066af29e7a5afaa69a5a570646c12e9694b2f3b2524dc1995db
sunny_magpie_rock,raw/cross-validation/negative/sunny_magpie_rock.nii.gz,cf582e97351b1940f48da7f4f531a350a3187b21ba765fed5e3998523638af09
sunny_mink_glen,raw/holdout/negative/sunny_mink_glen.nii.gz,f0ce27ddc25e5b123c8ee8574ee637de4dfd653dbe7e924fb6587cf9d4c26d36
sunny_raccoon_shoal,raw/cross-validation/negative/sunny_raccoon_shoal.nii.gz,8030b502e0eec3b410ef3701422a641e857b01d6b25bfe868ba723da5671ce6d
swift_heron_verge,raw/holdout/negative/swift_heron_verge.nii.gz,85398f9227e9fe5b54aac88ece08658604f35e8e30e9cae4a39f99e3e37b24c0
swift_yak_rapid,raw/cross-validation/negative/swift_yak_rapid.nii.gz,2bed22f8a39d399291489462e3b0b2ce3cb2e93ead78bfb064d49d49d27a58d8
tawny_dolphin_cask,raw/cross-validation/negative/tawny_dolphin_cask.nii.gz,28afd8d523851d455304b9316ecc99985a201eeabab6370dba7927de4c98f531
tawny_ibis_mill,raw/holdout/negative/tawny_ibis_mill.nii.gz,d75fa19d2c1bbb5c120e9637d01edb94a1dd37f3249843551362b6012e5e8358
tawny_mouse_spark,raw/cross-validation/negative/tawny_mouse_spark.nii.gz,5cce7090d2f56ac83b17bc9e25db01967ba2eb1ecb45b53d9b5aa840006864df
tawny_pelican_plank,raw/cross-validation/negative/tawny_pelican_plank.nii.gz,0d5e5b9961bfcaaab76e478241a432ad6b773bca64a65eeb32b5acc68f2ed631
tawny_pike_flame,raw/holdout/negative/tawny_pike_flame.nii.gz,a465a642b575ed59f6fb60b0785681f358de014eba026019c6a3770150329c24
tawny_sloth_rain,raw/cross-validation/negative/tawny_sloth_rain.nii.gz,ed944fb169e3e7bcabae4c442a8627a6812f00d5ad53cb4d4e837e2e9f829f69
tawny_vulture_bluff,raw/cross-validation/negative/tawny_vulture_bluff.nii.gz,a38b2b70be4cc8f87c5297abab1da7cb934fc5b0f03b7fe9724a26d311bdfcf4
teak_falcon_ruins,raw/holdout/negative/teak_falcon_ruins.nii.gz,6c1e3f835f8b4de7d66a7e1dbacfbb8a979f72abd8f0fff39cea0d7713b7a155
teak_moth_oasis,raw/cross-validation/negative/teak_moth_oasis.nii.gz,96039573a8bdbf4df0945f02d5f4135e32bc2e77c976d04c0fd069da5c4757a8
teak_quail_dome,raw/cross-validation/negative/teak_quail_dome.nii.gz,9ac6b977c0f57f14e43e353b2a9093b74f48419f5accd2c4e5d1eb080015aa39
teak_toad_knoll,raw/holdout/negative/teak_toad_knoll.nii.gz,6576326e6f6f1215e0255def6faa682d51f9c2502cbd06a84d4fe6bfae1d83b0
teak_viper_notch,raw/cross-validation/negative/teak_viper_notch.nii.gz,e67eb784f9af480eb77b520d093b7a59c8ceac047fe191cd452dc5868169ffec
tender_camel_marsh,raw/cross-validation/negative/tender_camel_marsh.nii.gz,fbd99a9fef677cf0d82e0257868bf720306f7b3a287d09b1ab995bf6870c578d
tender_falcon_pass,raw/cross-validation/negative/tender_falcon_pass.nii.gz,f7dc3dcc05874e1c37bef4396fd445a2d8fe2b70e6e25c25a0af6044f8288b03
tender_jaguar_bluff,raw/holdout/negative/tender_jaguar_bluff.nii.gz,f4e6019bc984a4fcdaf15f67d73fcf72436f312e0e8e04af27f06d6b092d64e1
terra_dragon_grove,raw/cross-validation/negative/terra_dragon_grove.nii.gz,9a801702d8c78f384fe1616e6f6247bd9f006599cf8ae75fdc58522cb306e3ba
terra_grouse_cloud,raw/cross-validation/negative/terra_grouse_cloud.nii.gz,8fde20550b6abf2d69107f39848026bab7b0068e42514b24a2bed05c886726a8
terra_lion_heath,raw/cross-validation/negative/terra_lion_heath.nii.gz,b3ceb7a49d2ae0c3f020a9ce1315278dccd50d21d9541ad31f59a0347a1f1328
terra_ram_haven,raw/cross-validation/negative/terra_ram_haven.nii.gz,dced564b5c1474c61879a69843370042b4027bae19f1161c50911a311bfd26fe
terra_shrew_bridge,raw/cross-validation/negative/terra_shrew_bridge.nii.gz,1cae9f927c32c325a6b323eea2f42de7de56f1bf75892cdc24be718ec2a7d557
terra_stag_peak,raw/cross-validation/negative/terra_stag_peak.nii.gz,05d85e2a1cded86092d568a7b83f40a57b5367a8df30f168f62dec0811e67770
terra_walrus_flare,raw/cross-validation/negative/terra_walrus_flare.nii.gz,0ba903f842a15f0375ea0934532ab6731b28584130dad65385a10668cb2b7d80
thick_goose_post,raw/holdout/negative/thick_goose_post.nii.gz,c1f64e6daa09dafef327ed54c8b2e0f4930d95076483c3a3a6b114c35f9f2a8b
thick_lizard_oasis,raw/cross-validation/negative/thick_lizard_oasis.nii.gz,99c05f55121fd66599b5521713bb39bffb00f131872c42b12869f9d13cfe9cff
thick_wombat_rock,raw/cross-validation/negative/thick_wombat_rock.nii.gz,6b9fe7edf30e057b460e6a8637d4470e34ef7fedf131f0c0f867310c3d05fb19
thorn_camel_reef,raw/cross-validation/negative/thorn_camel_reef.nii.gz,80d9d9d6a298ac3c67d3b87eb11a2b93b06871e53705d29d053c6f6fa4533806
thorn_egret_trail,raw/cross-validation/negative/thorn_egret_trail.nii.gz,9ef892515cf91743ccc6a0a4ea8e3d3028366f07046fdef63933b5511bfe9625
thorn_goose_peak,raw/cross-validation/negative/thorn_goose_peak.nii.gz,4682297ac4b0e734e0a29214a0357a27ab622b83ccd1208d7158efcdf8ce738d
thorn_impala_beach,raw/cross-validation/negative/thorn_impala_beach.nii.gz,cee00fae007239f734bc49e4c087c854a4eb4fddfb19735b43c4249a3beae90c
thorn_lark_bridge,raw/holdout/negative/thorn_lark_bridge.nii.gz,d0c013b13c2f808805c9addef02dbb105a7e99fe4477a21b19857805717d7494
thorn_toad_flame,raw/cross-validation/negative/thorn_toad_flame.nii.gz,25a94d0bcbcfdbbcc955c742a753d37fd71053edc4924db108fb597574d16c97
thorn_wombat_terrace,raw/cross-validation/negative/thorn_wombat_terrace.nii.gz,53adf3f12d4a60691d4496c966f9a1738cb2b42f2aff412d24261d5c0f866438
tidal_koala_wharf,raw/holdout/negative/tidal_koala_wharf.nii.gz,1d2c63702d2ea7195bce8857a016a8378809dbc4bcb1eafc45fdbcc41f28d8b9
tidal_squid_hill,raw/cross-validation/negative/tidal_squid_hill.nii.gz,90b3e046fb6f7b29468625a381266b2bc0db63d1894e63e4385c3353280b6e20
tidal_viper_stone,raw/cross-validation/negative/tidal_viper_stone.nii.gz,d4be261645e85ee1b0227358dff57482d0c8686bbc37705e61e3b12142045f28
timber_bunny_valley,raw/cross-validation/negative/timber_bunny_valley.nii.gz,7de2aa356d06c200752cc6d858f700e5fc2d5b645174b0c800d2b8d1c6b32136
timber_crane_cape,raw/holdout/negative/timber_crane_cape.nii.gz,c9f95638c837f9bd7c0bd78c9de4429cd1d7f739c0d861218d8eccfbe5899ea9
topaz_egret_cloud,raw/cross-validation/negative/topaz_egret_cloud.nii.gz,577b2f4898d13542318b32e6695c26fd858e8350b352b7aa1cfb4a666c1c9416
topaz_stag_butte,raw/cross-validation/negative/topaz_stag_butte.nii.gz,4703e0cfbda7c4f374eb1b4c2c39c75da02f03609c6a97f19391fe1375e7a2a8
topaz_turtle_cask,raw/cross-validation/negative/topaz_turtle_cask.nii.gz,9dcb7c5b42fb92f470f4bf8f268132270c56c2e6767d271a644c47344776818f
velvet_kestrel_verge,raw/cross-validation/negative/velvet_kestrel_verge.nii.gz,3a4b3eaebcafd2f6e5fb4318240c87f981cd2058a915051e751dd7b50689695e
velvet_macaw_strait,raw/cross-validation/negative/velvet_macaw_strait.nii.gz,fdfaa4997d8c2d029554d890b05df621bdbd9d876eae335d5abb30b0fea387cd
velvet_ox_tower,raw/cross-validation/negative/velvet_ox_tower.nii.gz,23a52dd6f38b9ff4c836524171f52e591acadae8c2a5b1c6c2a14ad92f111dde
velvet_wasp_hinge,raw/cross-validation/negative/velvet_wasp_hinge.nii.gz,2b81b371612779b9bebda48797d13923be1f681f396423ba4194636861c2a601
vivid_cheetah_barn,raw/holdout/negative/vivid_cheetah_barn.nii.gz,b86f6b4d23c161560373a6597da51701bce127e75055cb02207e8e96ae336fb6
vivid_gorilla_field,raw/cross-validation/negative/vivid_gorilla_field.nii.gz,1e261f1cfaba31dc33c3a8a694e9b09f62b92a0ba234f4ac4763d9bdbea69b36
vivid_lion_flare,raw/cross-validation/negative/vivid_lion_flare.nii.gz,35f82fe76f7afa15cac0672aef23ba5993491a19c6042978fa01a2883bce9449
vivid_marten_beach,raw/cross-validation/negative/vivid_marten_beach.nii.gz,42de9f93e70553a53bf6faa380c55f2bb7bdff111a68a2504f4108b414715b1b
vivid_pigeon_oasis,raw/cross-validation/negative/vivid_pigeon_oasis.nii.gz,e5e002236c388c10179a008c4f0676120fe7852265fa0917c64feb1180da133b
vivid_sloth_grain,raw/cross-validation/negative/vivid_sloth_grain.nii.gz,93ff20538b325a9719ce9cc9d1b4e3ea783348085c4ed68f9dffecea6cc316e3
vivid_turtle_crown,raw/cross-validation/negative/vivid_turtle_crown.nii.gz,5d95495a1cb1e9bd56bb848cd25c9468e88b540629c440d394da04f13487146a
warm_bobcat_post,raw/cross-validation/negative/warm_bobcat_post.nii.gz,080d8c7bde7d5a4283fb4cbce62533859aed6027a06ae23ae94e2d7821b612f6
warm_bunny_dome,raw/cross-validation/negative/warm_bunny_dome.nii.gz,e68c1a703b85596ac9fa1fca7038ffc4bb77c554865994aa5802f2388973aba9
warm_elk_knoll,raw/cross-validation/negative/warm_elk_knoll.nii.gz,14666e0e3766852313f2266a708c9bdddc7ae58486ce6d8970b0cc02dae20d19
warm_finch_stream,raw/cross-validation/negative/warm_finch_stream.nii.gz,db9034567267626b77ac4a96ab461babcd979085d807519160217037b808fb17
warm_pigeon_hinge,raw/holdout/negative/warm_pigeon_hinge.nii.gz,a7d416e77f8a09eb65d8e6578653950665889b4e24ef369d7fdbc1ed6a8943cd
warm_stag_path,raw/cross-validation/negative/warm_stag_path.nii.gz,abbb5e335fc818cbdf7595a2f34a854753ecb607b35c77c357624d8f246dd58f
warm_tiger_summit,raw/cross-validation/negative/warm_tiger_summit.nii.gz,d60cb27e8dc35f4400ab98db2501e6d4a212d4c4c2fdb483b70842013e0091be
waxen_duck_pier,raw/holdout/negative/waxen_duck_pier.nii.gz,e0531f6f9a2711557760d1d8d20b153a00c709c57e243ae6305cea6c2875a232
waxen_stag_glen,raw/holdout/negative/waxen_stag_glen.nii.gz,f84cd7c71582cee052f4b7d89296767e2e8374384905d4ccbb03277ca1c477dd
weary_fox_meadow,raw/holdout/negative/weary_fox_meadow.nii.gz,e99c0fcf912c8ccea6aa7e9a0164225f07302f2c2caa1dbda600036d03d9dc52
weary_jay_mist,raw/holdout/negative/weary_jay_mist.nii.gz,e8814feb1e132cbfa85500bfe36f023b3e1434fc0554c4f5212bcb3234ce4df1
weary_llama_gorge,raw/cross-validation/negative/weary_llama_gorge.nii.gz,97b1ed6d55242cc6fa78ce80145c25a7d7b9a190e1ada884cf1d67f0b9272ea5
weary_sparrow_strait,raw/cross-validation/negative/weary_sparrow_strait.nii.gz,f0f8a8b106f054cac879c3797575fee5f4d26d6ed1a354291b84c5b5bedf0424
weary_tiger_spur,raw/cross-validation/negative/weary_tiger_spur.nii.gz,cde4c4cdadad3811a86f26251841c526983bd8a1618a0dfed9cba9ac72079c74
wheat_bobcat_vista,raw/holdout/negative/wheat_bobcat_vista.nii.gz,2e8844cbbd5e999349bd0170fb4d7758b8affacdb0911e53fbfef2718d0c1817
wheat_clam_path,raw/cross-validation/negative/wheat_clam_path.nii.gz,96addae133198946890e64a35adafe93253ef7302b32d166645c8049468d9bfc
wheat_gorilla_arch,raw/cross-validation/negative/wheat_gorilla_arch.nii.gz,cf1e9a5033ea273f7393d0414302beee0ebc579768968d04103e1f379201905c
wheat_gull_bolt,raw/cross-validation/negative/wheat_gull_bolt.nii.gz,7910eb3bd3b2e893ae9c4e9396651fb2c38b675a68ffc5368960fd52ef83974e
wheat_moth_quartz,raw/cross-validation/negative/wheat_moth_quartz.nii.gz,0773ea559f68d6b97f6f75596425132c3c7e9b6f9c607012a87709df77a6ec6d
wheat_newt_spire,raw/cross-validation/negative/wheat_newt_spire.nii.gz,36eb10f81b5c2e7e5da045930cdc077f4deb50320cb20d3cedf346408a692488
wheat_swan_ruins,raw/holdout/negative/wheat_swan_ruins.nii.gz,f8342c42146a4126ed8efa710712be0b0c8e52e2811c8043d4f496281289eb1e
wild_hound_canyon,raw/cross-validation/negative/wild_hound_canyon.nii.gz,3607a2f4a8dc9e9713b87f810b60dc196c16239ac2e38b2fd36c3bcaac65a67a
wild_newt_zenith,raw/cross-validation/negative/wild_newt_zenith.nii.gz,362cf40f334c53e8f2a33e2f832d1bf54249edbbc5f32842157e0b8c5d2b36fd
wild_penguin_valley,raw/cross-validation/negative/wild_penguin_valley.nii.gz,947cb12358edd2cacabd8cea00bc687fb1b3295b73bd6e4cafb27cb2136ce2a7
wild_wolf_mist,raw/cross-validation/negative/wild_wolf_mist.nii.gz,f371a279350eca8a9973dd9a5dfe5007adceaebfb916a10319f2b492fcc83e06
willow_crow_prairie,raw/holdout/negative/willow_crow_prairie.nii.gz,aa5a85051bad1eddb83a7b51bfd70616d0fda50baa843c393f3e86fa40dc1cb6
willow_iguana_bridge,raw/cross-validation/negative/willow_iguana_bridge.nii.gz,4f4a89706c10ae670ce345a25ad6155a0c8498a4e708bb8eb79600d2d19e33f1
willow_impala_shelf,raw/cross-validation/negative/willow_impala_shelf.nii.gz,3a0d4527c9e8518f8eabd385bed8eb01146f577da670aa1aacf3e439f1d4af7a
willow_lemur_shoal,raw/cross-validation/negative/willow_lemur_shoal.nii.gz,646ee19224b3645892decf7fa24152be6c4ddae3f581524e64cacb1350df6d47
willow_shrew_shore,raw/cross-validation/negative/willow_shrew_shore.nii.gz,1d3e686dbc88ec317b871446ee30468ccc512c2ca18e46b20439c4dcb107c083
windy_flamingo_pond,raw/cross-validation/negative/windy_flamingo_pond.nii.gz,7058c1437d813cdee865460c80ced38a9a9146737f0f1557ec753597ae6007a2
windy_ibis_braid,raw/cross-validation/negative/windy_ibis_braid.nii.gz,4497fc74ecbb179dba9e826329780c33f74604e2896df7cd7a248777cdf26900
windy_panda_dune,raw/holdout/negative/windy_panda_dune.nii.gz,57bdb27fda5f385882dd305d872788c21fbe43702ee039d4506fe6172afdbef5
windy_wombat_shoal,raw/cross-validation/negative/windy_wombat_shoal.nii.gz,bbbf1c4cb80f9b00efb67f8eaa4ead3ec1e63325e2a203339c55064347d7ef7c
wintry_bobcat_gleam,raw/cross-validation/negative/wintry_bobcat_gleam.nii.gz,cc9b9f26fbca3702e90d30b5c3c1c5e5a6423577c5232d0e8fada1b133f9a25f
wintry_dingo_forge,raw/cross-validation/negative/wintry_dingo_forge.nii.gz,84dceb21ef10dee4bc2203d8bdbb2af13169e1465729e5110b801d80fea2846b
wintry_finch_thicket,raw/cross-validation/negative/wintry_finch_thicket.nii.gz,e488d3d69517ca4f93a6f3610baea8dbc68d40b676718edae7f395e0c0259b75
wintry_grouse_basin,raw/cross-validation/negative/wintry_grouse_basin.nii.gz,e1789e1f72ad1d5e58bac70f3d5c2054d8a9583e31df122d34f4019700146cd4
wintry_hedgehog_ravine,raw/cross-validation/negative/wintry_hedgehog_ravine.nii.gz,ea790996bc1ddd37156961f0b793cdd4fa37afe9b255b0919333eb3b712a73ca
wintry_llama_shoal,raw/cross-validation/negative/wintry_llama_shoal.nii.gz,ab07b027f1073d298ab78ac4e8eef22eaf9a5cd6b28ad64912a770a8f060e52d
wintry_toad_vale,raw/cross-validation/negative/wintry_toad_vale.nii.gz,938e778fcb4c046581151de52131deedc4dd5015c20c13776952701c33060815
wintry_viper_tower,raw/holdout/negative/wintry_viper_tower.nii.gz,1d464de02aac1d7802b144a93ad6b6ac453e5b73b612b7bf37a5bec29c16bac9
wintry_wren_ruins,raw/cross-validation/negative/wintry_wren_ruins.nii.gz,f4be13e89fa662ca7e1c214ee296fdb1a4b7faf5f14f78fae7d09641c17c6a86
woven_clam_sage,raw/cross-validation/negative/woven_clam_sage.nii.gz,24dd049f18fdbb268dac5623c20f51e041786c9aad213ac5ff0d63a4e528d7da
woven_clam_strait,raw/cross-validation/negative/woven_clam_strait.nii.gz,f1a628e8e6d6ee299d05a088c8739709987c5605390164cfffa84ba8d7f3050d
woven_cobra_rock,raw/cross-validation/negative/woven_cobra_rock.nii.gz,0d7ea0f89880ba8262d7de14bfbaf0edaeb01c7196f40edfb1048c781462a5f1
woven_donkey_brook,raw/cross-validation/negative/woven_donkey_brook.nii.gz,f2d272ad204ff51ba34d9416acbd660d9ad1d2a75925dba600bc19d373113962
woven_duck_ravine,raw/holdout/negative/woven_duck_ravine.nii.gz,cc2237faa26a43ca5ff3932b55fc5d254f9917108f426a0d78db53bd6f970911
young_cobra_mound,raw/cross-validation/negative/young_cobra_mound.nii.gz,0b9fe9c0a178d80af6b1d484ec938c2f58bd106caa2a34baf065c69d55f0dbc9
young_shark_rain,raw/cross-validation/negative/young_shark_rain.nii.gz,3f3f483f16d6f7ede82281a23b454d95bcc7149fdaab10f3057eef3091bede6c
zinc_dragon_marsh,raw/cross-validation/negative/zinc_dragon_marsh.nii.gz,cf08ef59f016dfae4d5cd227503ff83331e3fbe056b03b3debce72d76c0c1f20
zinc_jay_verge,raw/holdout/negative/zinc_jay_verge.nii.gz,f658790c505d7022602add69e337be29dffaba5a7240af2b141a1d6a23eda1f9
zinc_mouse_barn,raw/cross-validation/negative/zinc_mouse_barn.nii.gz,c1eb29322135aebcf7ea959fbb1db508c6709dc0d47ca71460abb477f4514205
zinc_trout_bridge,raw/cross-validation/negative/zinc_trout_bridge.nii.gz,2edd6662976940162c137bdb6d19f14b9b51f8f6b293fa257b305d0d4726d45e
